ID,completed
TEST_000,1
TEST_001,1
TEST_002,1
TEST_003,1
TEST_004,1
TEST_005,1
TEST_006,1
TEST_007,1
TEST_008,1
TEST_009,1
TEST_010,1
TEST_011,1
TEST_012,1
TEST_013,1
TEST_014,1
TEST_015,1
TEST_016,1
TEST_017,1
TEST_018,0
TEST_019,1
TEST_020,1
TEST_021,1
TEST_022,1
TEST_023,1
TEST_024,1
TEST_025,1
TEST_026,1
TEST_027,1
TEST_028,1
TEST_029,1
TEST_030,1
TEST_031,1
TEST_032,1
TEST_033,0
TEST_034,1
TEST_035,1
TEST_036,1
TEST_037,1
TEST_038,1
TEST_039,1
TEST_040,1
TEST_041,1
TEST_042,1
TEST_043,1
TEST_044,1
TEST_045,1
TEST_046,1
TEST_047,1
TEST_048,1
TEST_049,1
TEST_050,1
TEST_051,1
TEST_052,1
TEST_053,1
TEST_054,1
TEST_055,1
TEST_056,1
TEST_057,1
TEST_058,1
TEST_059,1
TEST_060,1
TEST_061,1
TEST_062,1
TEST_063,0
TEST_064,1
TEST_065,1
TEST_066,1
TEST_067,1
TEST_068,1
TEST_069,1
TEST_070,1
TEST_071,1
TEST_072,0
TEST_073,1
TEST_074,1
TEST_075,1
TEST_076,1
TEST_077,1
TEST_078,1
TEST_079,1
TEST_080,1
TEST_081,1
TEST_082,0
TEST_083,1
TEST_084,1
TEST_085,1
TEST_086,1
TEST_087,1
TEST_088,1
TEST_089,0
TEST_090,0
TEST_091,1
TEST_092,0
TEST_093,1
TEST_094,1
TEST_095,1
TEST_096,1
TEST_097,0
TEST_098,1
TEST_099,1
TEST_100,1
TEST_101,1
TEST_102,1
TEST_103,1
TEST_104,1
TEST_105,1
TEST_106,1
TEST_107,1
TEST_108,1
TEST_109,1
TEST_110,1
TEST_111,0
TEST_112,1
TEST_113,1
TEST_114,0
TEST_115,1
TEST_116,1
TEST_117,1
TEST_118,1
TEST_119,1
TEST_120,0
TEST_121,1
TEST_122,0
TEST_123,1
TEST_124,1
TEST_125,1
TEST_126,1
TEST_127,1
TEST_128,1
TEST_129,1
TEST_130,1
TEST_131,1
TEST_132,1
TEST_133,1
TEST_134,1
TEST_135,1
TEST_136,1
TEST_137,1
TEST_138,1
TEST_139,1
TEST_140,1
TEST_141,1
TEST_142,1
TEST_143,1
TEST_144,1
TEST_145,1
TEST_146,1
TEST_147,1
TEST_148,0
TEST_149,1
TEST_150,0
TEST_151,1
TEST_152,1
TEST_153,1
TEST_154,1
TEST_155,1
TEST_156,1
TEST_157,1
TEST_158,1
TEST_159,1
TEST_160,1
TEST_161,1
TEST_162,1
TEST_163,1
TEST_164,1
TEST_165,1
TEST_166,0
TEST_167,1
TEST_168,1
TEST_169,1
TEST_170,1
TEST_171,1
TEST_172,1
TEST_173,1
TEST_174,1
TEST_175,1
TEST_176,1
TEST_177,1
TEST_178,1
TEST_179,1
TEST_180,1
TEST_181,1
TEST_182,1
TEST_183,1
TEST_184,1
TEST_185,1
TEST_186,1
TEST_187,1
TEST_188,1
TEST_189,1
TEST_190,0
TEST_191,1
TEST_192,1
TEST_193,1
TEST_194,1
TEST_195,1
TEST_196,1
TEST_197,1
TEST_198,1
TEST_199,1
TEST_200,1
TEST_201,1
TEST_202,1
TEST_203,1
TEST_204,1
TEST_205,0
TEST_206,1
TEST_207,1
TEST_208,1
TEST_209,1
TEST_210,0
TEST_211,1
TEST_212,1
TEST_213,1
TEST_214,1
TEST_215,1
TEST_216,1
TEST_217,1
TEST_218,1
TEST_219,1
TEST_220,1
TEST_221,1
TEST_222,1
TEST_223,1
TEST_224,1
TEST_225,1
TEST_226,1
TEST_227,1
TEST_228,1
TEST_229,1
TEST_230,1
TEST_231,1
TEST_232,1
TEST_233,1
TEST_234,1
TEST_235,1
TEST_236,0
TEST_237,1
TEST_238,1
TEST_239,1
TEST_240,1
TEST_241,1
TEST_242,1
TEST_243,1
TEST_244,1
TEST_245,1
TEST_246,1
TEST_247,1
TEST_248,1
TEST_249,1
TEST_250,1
TEST_251,1
TEST_252,0
TEST_253,1
TEST_254,1
TEST_255,1
TEST_256,1
TEST_257,1
TEST_258,1
TEST_259,1
TEST_260,1
TEST_261,1
TEST_262,1
TEST_263,1
TEST_264,1
TEST_265,1
TEST_266,1
TEST_267,1
TEST_268,1
TEST_269,1
TEST_270,1
TEST_271,1
TEST_272,1
TEST_273,1
TEST_274,1
TEST_275,1
TEST_276,0
TEST_277,0
TEST_278,1
TEST_279,1
TEST_280,1
TEST_281,1
TEST_282,1
TEST_283,1
TEST_284,1
TEST_285,1
TEST_286,1
TEST_287,1
TEST_288,1
TEST_289,1
TEST_290,1
TEST_291,1
TEST_292,0
TEST_293,1
TEST_294,0
TEST_295,1
TEST_296,1
TEST_297,1
TEST_298,1
TEST_299,1
TEST_300,1
TEST_301,1
TEST_302,1
TEST_303,1
TEST_304,1
TEST_305,1
TEST_306,1
TEST_307,1
TEST_308,0
TEST_309,0
TEST_310,1
TEST_311,0
TEST_312,1
TEST_313,1
TEST_314,1
TEST_315,1
TEST_316,0
TEST_317,1
TEST_318,1
TEST_319,1
TEST_320,1
TEST_321,1
TEST_322,1
TEST_323,1
TEST_324,1
TEST_325,1
TEST_326,1
TEST_327,1
TEST_328,1
TEST_329,1
TEST_330,1
TEST_331,1
TEST_332,1
TEST_333,1
TEST_334,1
TEST_335,0
TEST_336,1
TEST_337,1
TEST_338,1
TEST_339,1
TEST_340,1
TEST_341,1
TEST_342,1
TEST_343,1
TEST_344,0
TEST_345,1
TEST_346,1
TEST_347,1
TEST_348,1
TEST_349,1
TEST_350,1
TEST_351,1
TEST_352,1
TEST_353,1
TEST_354,1
TEST_355,1
TEST_356,1
TEST_357,1
TEST_358,1
TEST_359,1
TEST_360,1
TEST_361,1
TEST_362,1
TEST_363,1
TEST_364,1
TEST_365,1
TEST_366,1
TEST_367,0
TEST_368,1
TEST_369,1
TEST_370,1
TEST_371,1
TEST_372,0
TEST_373,1
TEST_374,1
TEST_375,1
TEST_376,0
TEST_377,1
TEST_378,1
TEST_379,1
TEST_380,1
TEST_381,1
TEST_382,1
TEST_383,1
TEST_384,1
TEST_385,1
TEST_386,1
TEST_387,1
TEST_388,1
TEST_389,1
TEST_390,1
TEST_391,1
TEST_392,1
TEST_393,1
TEST_394,1
TEST_395,1
TEST_396,1
TEST_397,0
TEST_398,1
TEST_399,1
TEST_400,1
TEST_401,1
TEST_402,1
TEST_403,0
TEST_404,1
TEST_405,1
TEST_406,0
TEST_407,1
TEST_408,1
TEST_409,1
TEST_410,1
TEST_411,1
TEST_412,1
TEST_413,1
TEST_414,1
TEST_415,1
TEST_416,1
TEST_417,1
TEST_418,1
TEST_419,1
TEST_420,0
TEST_421,1
TEST_422,1
TEST_423,1
TEST_424,1
TEST_425,1
TEST_426,1
TEST_427,0
TEST_428,1
TEST_429,1
TEST_430,1
TEST_431,1
TEST_432,1
TEST_433,1
TEST_434,1
TEST_435,1
TEST_436,1
TEST_437,0
TEST_438,1
TEST_439,1
TEST_440,1
TEST_441,1
TEST_442,1
TEST_443,1
TEST_444,1
TEST_445,0
TEST_446,1
TEST_447,1
TEST_448,1
TEST_449,1
TEST_450,1
TEST_451,1
TEST_452,1
TEST_453,1
TEST_454,1
TEST_455,0
TEST_456,1
TEST_457,1
TEST_458,1
TEST_459,1
TEST_460,1
TEST_461,1
TEST_462,1
TEST_463,1
TEST_464,1
TEST_465,1
TEST_466,1
TEST_467,1
TEST_468,1
TEST_469,1
TEST_470,1
TEST_471,1
TEST_472,1
TEST_473,1
TEST_474,1
TEST_475,1
TEST_476,1
TEST_477,1
TEST_478,1
TEST_479,1
TEST_480,1
TEST_481,1
TEST_482,0
TEST_483,1
TEST_484,1
TEST_485,1
TEST_486,1
TEST_487,0
TEST_488,1
TEST_489,1
TEST_490,1
TEST_491,1
TEST_492,1
TEST_493,1
TEST_494,1
TEST_495,1
TEST_496,0
TEST_497,1
TEST_498,1
TEST_499,1
TEST_500,0
TEST_501,1
TEST_502,1
TEST_503,0
TEST_504,1
TEST_505,1
TEST_506,1
TEST_507,1
TEST_508,1
TEST_509,1
TEST_510,1
TEST_511,0
TEST_512,0
TEST_513,1
TEST_514,1
TEST_515,0
TEST_516,1
TEST_517,0
TEST_518,1
TEST_519,1
TEST_520,1
TEST_521,1
TEST_522,1
TEST_523,1
TEST_524,1
TEST_525,0
TEST_526,1
TEST_527,1
TEST_528,1
TEST_529,1
TEST_530,1
TEST_531,1
TEST_532,1
TEST_533,1
TEST_534,1
TEST_535,1
TEST_536,1
TEST_537,1
TEST_538,1
TEST_539,1
TEST_540,1
TEST_541,1
TEST_542,1
TEST_543,1
TEST_544,1
TEST_545,1
TEST_546,1
TEST_547,1
TEST_548,1
TEST_549,1
TEST_550,0
TEST_551,1
TEST_552,1
TEST_553,1
TEST_554,1
TEST_555,1
TEST_556,1
TEST_557,1
TEST_558,1
TEST_559,1
TEST_560,1
TEST_561,1
TEST_562,1
TEST_563,1
TEST_564,1
TEST_565,1
TEST_566,0
TEST_567,1
TEST_568,1
TEST_569,1
TEST_570,1
TEST_571,1
TEST_572,1
TEST_573,1
TEST_574,1
TEST_575,1
TEST_576,1
TEST_577,1
TEST_578,1
TEST_579,1
TEST_580,1
TEST_581,1
TEST_582,1
TEST_583,1
TEST_584,1
TEST_585,1
TEST_586,1
TEST_587,1
TEST_588,1
TEST_589,1
TEST_590,1
TEST_591,1
TEST_592,1
TEST_593,1
TEST_594,1
TEST_595,1
TEST_596,1
TEST_597,1
TEST_598,1
TEST_599,1
TEST_600,1
TEST_601,1
TEST_602,1
TEST_603,1
TEST_604,1
TEST_605,0
TEST_606,1
TEST_607,1
TEST_608,1
TEST_609,0
TEST_610,1
TEST_611,0
TEST_612,1
TEST_613,1
TEST_614,1
TEST_615,1
TEST_616,1
TEST_617,1
TEST_618,1
TEST_619,1
TEST_620,1
TEST_621,1
TEST_622,1
TEST_623,1
TEST_624,1
TEST_625,1
TEST_626,0
TEST_627,1
TEST_628,1
TEST_629,1
TEST_630,1
TEST_631,1
TEST_632,1
TEST_633,1
TEST_634,1
TEST_635,0
TEST_636,1
TEST_637,1
TEST_638,1
TEST_639,1
TEST_640,1
TEST_641,1
TEST_642,1
TEST_643,1
TEST_644,1
TEST_645,1
TEST_646,1
TEST_647,1
TEST_648,1
TEST_649,1
TEST_650,1
TEST_651,1
TEST_652,1
TEST_653,0
TEST_654,1
TEST_655,1
TEST_656,1
TEST_657,1
TEST_658,1
TEST_659,1
TEST_660,1
TEST_661,1
TEST_662,1
TEST_663,1
TEST_664,1
TEST_665,1
TEST_666,1
TEST_667,1
TEST_668,1
TEST_669,1
TEST_670,1
TEST_671,1
TEST_672,1
TEST_673,1
TEST_674,0
TEST_675,1
TEST_676,1
TEST_677,1
TEST_678,1
TEST_679,1
TEST_680,1
TEST_681,1
TEST_682,1
TEST_683,1
TEST_684,1
TEST_685,1
TEST_686,1
TEST_687,1
TEST_688,1
TEST_689,0
TEST_690,1
TEST_691,0
TEST_692,1
TEST_693,1
TEST_694,1
TEST_695,0
TEST_696,1
TEST_697,1
TEST_698,1
TEST_699,1
TEST_700,0
TEST_701,1
TEST_702,1
TEST_703,1
TEST_704,1
TEST_705,1
TEST_706,1
TEST_707,1
TEST_708,0
TEST_709,1
TEST_710,1
TEST_711,1
TEST_712,1
TEST_713,1
TEST_714,1
TEST_715,1
TEST_716,1
TEST_717,1
TEST_718,1
TEST_719,1
TEST_720,1
TEST_721,0
TEST_722,1
TEST_723,1
TEST_724,0
TEST_725,1
TEST_726,1
TEST_727,1
TEST_728,1
TEST_729,1
TEST_730,0
TEST_731,1
TEST_732,1
TEST_733,1
TEST_734,1
TEST_735,1
TEST_736,1
TEST_737,1
TEST_738,1
TEST_739,1
TEST_740,1
TEST_741,1
TEST_742,1
TEST_743,1
TEST_744,1
TEST_745,1
TEST_746,1
TEST_747,1
TEST_748,1
TEST_749,1
TEST_750,1
TEST_751,1
TEST_752,1
TEST_753,1
TEST_754,1
TEST_755,1
TEST_756,1
TEST_757,1
TEST_758,1
TEST_759,1
TEST_760,1
TEST_761,1
TEST_762,0
TEST_763,1
TEST_764,1
TEST_765,1
TEST_766,1
TEST_767,0
TEST_768,1
TEST_769,1
TEST_770,1
TEST_771,1
TEST_772,1
TEST_773,1
TEST_774,1
TEST_775,1
TEST_776,1
TEST_777,0
TEST_778,1
TEST_779,1
TEST_780,1
TEST_781,1
TEST_782,1
TEST_783,1
TEST_784,1
TEST_785,1
TEST_786,1
TEST_787,1
TEST_788,1
TEST_789,1
TEST_790,1
TEST_791,1
TEST_792,1
TEST_793,1
TEST_794,1
TEST_795,1
TEST_796,0
TEST_797,1
TEST_798,1
TEST_799,1
TEST_800,1
TEST_801,1
TEST_802,0
TEST_803,1
TEST_804,1
TEST_805,0
TEST_806,1
TEST_807,1
TEST_808,1
TEST_809,1
TEST_810,1
TEST_811,1
TEST_812,1
TEST_813,1
